[{"id":110,"member_id":"010-1234-5678","order_num":10,"payment_time":"2024-11-30T12:57:00.000Z","takeout":false,"order_list":[{"product_id":1,"count":2,"option":[{"option_id":1,"count":1},{"option_id":5,"count":1},{"option_id":6,"count":2},{"option_id":8,"count":2},{"option_id":12,"count":1},{"option_id":13,"count":1},{"option_id":14,"count":1},{"option_id":15,"count":1}]},{"product_id":2,"count":2,"option":[{"option_id":2,"count":1},{"option_id":4,"count":1},{"option_id":10,"count":1}]}]},{"id":114,"member_id":"010-1234-1234","order_num":12,"payment_time":"2024-11-30T12:59:00.000Z","takeout":true,"order_list":[{"product_id":1,"count":1,"option":[{"option_id":1,"count":1},{"option_id":5,"count":1}]},{"product_id":1,"count":2,"option":[{"option_id":2,"count":1},{"option_id":4,"count":1},{"option_id":10,"count":1}]},{"product_id":1,"count":3,"option":[{"option_id":2,"count":1},{"option_id":4,"count":1}]}]}]